{
    "train_loss": [
        0.693151181825002,
        0.6931553747812907,
        0.6931526597658794,
        0.6931525178909301,
        0.6931564102808634,
        0.6931581242879232,
        0.6931548760732015,
        0.693151219813029,
        0.6931516376495361,
        0.6931514251708984
    ],
    "train_acc": [
        0.499675,
        0.4997083333333333,
        0.5002916666666667,
        0.49924166666666664,
        0.49619166666666664,
        0.498875,
        0.4983416666666667,
        0.4983916666666667,
        0.49919166666666664,
        0.498075
    ],
    "val_loss": [
        0.69315554895401,
        0.6931529016494751,
        0.6931492883682251,
        0.6931506534576416,
        0.6931520063400268,
        0.6931525863647461,
        0.6931510198593139,
        0.6931481070518494,
        0.6931476090431213,
        0.6931473957061768
    ],
    "val_acc": [
        0.499625,
        0.499625,
        0.499625,
        0.499625,
        0.499625,
        0.499625,
        0.499625,
        0.499625,
        0.499625,
        0.499625
    ],
    "epoch_times": [
        2.8265600204467773,
        3.006084680557251,
        3.020918846130371,
        3.25423002243042,
        2.972421884536743,
        3.1866679191589355,
        3.1493375301361084,
        3.0012545585632324,
        3.064229726791382,
        2.9678590297698975
    ]
}