{
    "train_loss": [
        0.6931511815706889,
        0.6931553768157959,
        0.6931526607831319,
        0.6931525189081827,
        0.6931564077377319,
        0.69315812403361,
        0.6931548785527547,
        0.6931512190500895,
        0.693151637395223,
        0.6931514261881511
    ],
    "train_acc": [
        0.499675,
        0.4997083333333333,
        0.5002916666666667,
        0.49924166666666664,
        0.49619166666666664,
        0.498875,
        0.4983416666666667,
        0.4983916666666667,
        0.49919166666666664,
        0.498075
    ],
    "val_loss": [
        0.6931555627822876,
        0.6931529016494751,
        0.6931492952346802,
        0.6931506504058838,
        0.6931520063400268,
        0.6931525863647461,
        0.6931510251998901,
        0.6931481070518494,
        0.6931476090431213,
        0.6931473941802978
    ],
    "val_acc": [
        0.499625,
        0.499625,
        0.499625,
        0.499625,
        0.499625,
        0.499625,
        0.499625,
        0.499625,
        0.499625,
        0.499625
    ],
    "epoch_times": [
        2.9797112941741943,
        2.8481781482696533,
        2.928743362426758,
        2.92586350440979,
        2.824622392654419,
        3.155651807785034,
        3.18404483795166,
        3.2546210289001465,
        3.1161818504333496,
        3.0650830268859863
    ]
}