{
    "train_loss": [
        0.693152144018809,
        0.6931448565800985,
        0.6931416036287944,
        0.6931425193786621,
        0.693148842493693,
        0.6931450427055359,
        0.6931442347844442,
        0.693143524424235,
        0.693142116355896,
        0.6931401186943055,
        0.6931424960454305,
        0.6931395484288534,
        0.6931430945396423,
        0.6931400360107421,
        0.6931405317306518,
        0.6931421997388204,
        0.6931403773625692,
        0.6931399108886719,
        0.6931399197896322,
        0.6931392210006714,
        0.6931384020805359,
        0.6931387404759725,
        0.6931393488883972,
        0.6931394129435221,
        0.6931388270378113,
        0.6931385951042175,
        0.6931387769699097,
        0.6931391138076782,
        0.6931395520528157,
        0.6931384545962016,
        0.6931382427215577,
        0.6931372469584147,
        0.6931391153335571,
        0.6931386480331421,
        0.693138274637858,
        0.6931389374097189,
        0.6931388336181641,
        0.6931376343091329,
        0.69313795337677,
        0.6931385921478271,
        0.6931378850618998,
        0.6931378901481628,
        0.6931378184318543,
        0.6931380878448486,
        0.6931373542785645,
        0.6931385457356771,
        0.6931377400080363,
        0.6931380839347839,
        0.6931375853220622,
        0.6931370933532714
    ],
    "train_acc": [
        0.5016583333333333,
        0.5009416666666666,
        0.502175,
        0.502175,
        0.502175,
        0.502175,
        0.5014083333333333,
        0.502175,
        0.502175,
        0.502175,
        0.502175,
        0.502175,
        0.502175,
        0.502175,
        0.502175,
        0.502175,
        0.502175,
        0.502175,
        0.502175,
        0.502175,
        0.502175,
        0.502175,
        0.502175,
        0.502175,
        0.502175,
        0.502175,
        0.502175,
        0.502175,
        0.502175,
        0.502175,
        0.502175,
        0.502175,
        0.502175,
        0.502175,
        0.502175,
        0.502175,
        0.502175,
        0.502175,
        0.502175,
        0.502175,
        0.502175,
        0.502175,
        0.502175,
        0.502175,
        0.502175,
        0.502175,
        0.502175,
        0.502175,
        0.502175,
        0.502175
    ],
    "val_loss": [
        0.6931497522354126,
        0.6931668161392212,
        0.6931532633781433,
        0.6931483896255494,
        0.6931536039352417,
        0.6931619216918945,
        0.6931582050323486,
        0.6931554468154907,
        0.6931570283889771,
        0.6931687871932983,
        0.6931664524078369,
        0.6931499073028564,
        0.69315730676651,
        0.693159804058075,
        0.6931586164474487,
        0.6931549465179443,
        0.6931567908287048,
        0.6931578268051147,
        0.6931558300971985,
        0.6931567700386048,
        0.6931579669952392,
        0.6931579452514648,
        0.693157946395874,
        0.6931579843521118,
        0.6931585517883301,
        0.6931589262962341,
        0.6931585886001587,
        0.693158139038086,
        0.6931588505744934,
        0.6931583310127258,
        0.6931585969924927,
        0.693158532333374,
        0.693158858013153,
        0.6931587050437927,
        0.6931590532302856,
        0.6931583821296692,
        0.6931588430404663,
        0.6931586019515992,
        0.693158849143982,
        0.6931589359283448,
        0.6931588396072388,
        0.6931588340759277,
        0.6931587699890137,
        0.6931588431358338,
        0.6931587236404418,
        0.6931588529586792,
        0.6931587495803833,
        0.6931587956428528,
        0.6931586281776428,
        0.69315864944458
    ],
    "val_acc": [
        0.4998,
        0.4998,
        0.4998,
        0.4998,
        0.4998,
        0.4998,
        0.4998,
        0.4998,
        0.4998,
        0.4998,
        0.4998,
        0.4998,
        0.4998,
        0.4998,
        0.4998,
        0.4998,
        0.4998,
        0.4998,
        0.4998,
        0.4998,
        0.4998,
        0.4998,
        0.4998,
        0.4998,
        0.4998,
        0.4998,
        0.4998,
        0.4998,
        0.4998,
        0.4998,
        0.4998,
        0.4998,
        0.4998,
        0.4998,
        0.4998,
        0.4998,
        0.4998,
        0.4998,
        0.4998,
        0.4998,
        0.4998,
        0.4998,
        0.4998,
        0.4998,
        0.4998,
        0.4998,
        0.4998,
        0.4998,
        0.4998,
        0.4998
    ],
    "epoch_times": [
        3.2207608222961426,
        2.802321195602417,
        2.7764339447021484,
        2.8766908645629883,
        2.982943058013916,
        3.126230478286743,
        2.9354634284973145,
        2.8946073055267334,
        2.724138021469116,
        2.8887526988983154,
        2.986452102661133,
        3.2160532474517822,
        3.0390050411224365,
        3.1385786533355713,
        2.9607412815093994,
        3.133822441101074,
        3.1070327758789062,
        3.181805372238159,
        3.1867003440856934,
        3.344869375228882,
        3.2826499938964844,
        3.1712095737457275,
        2.991586923599243,
        3.114549398422241,
        2.893949508666992,
        2.9123008251190186,
        2.861423969268799,
        3.242669105529785,
        3.0520074367523193,
        2.945929765701294,
        3.024012565612793,
        3.046441078186035,
        2.940096616744995,
        2.9644834995269775,
        2.9542782306671143,
        3.1131298542022705,
        3.030632972717285,
        3.2727785110473633,
        3.2848916053771973,
        3.4132940769195557,
        3.2914137840270996,
        3.525275945663452,
        3.070556402206421,
        3.0832831859588623,
        3.0015194416046143,
        2.929804801940918,
        2.9415249824523926,
        3.051619291305542,
        3.031147003173828,
        3.4360597133636475
    ]
}